03/04/17 13:15:42,nba
03/04/17 14:15:42,iphone
03/04/17 15:15:42,两会
03/04/17 16:15:42,黄金
03/04/17 08:54:34,两会
03/04/17 08:54:35,两会
03/04/17 12:33:41,nba
03/04/17 12:33:41,nba
03/04/17 12:33:43,nba
03/04/17 12:33:43,nba
03/04/17 12:45:41,两会
03/04/17 12:45:41,两会
03/04/17 12:45:58,高考
03/04/17 12:45:58,高考
03/04/17 12:46:10,高考
03/04/17 12:46:10,高考
03/04/17 12:46:13,高考
03/04/17 12:46:13,高考
03/04/17 12:46:18,贵
03/04/17 12:46:18,贵
03/04/17 12:46:23,贵州
03/04/17 12:46:24,贵州
03/04/17 12:46:50,詹姆斯
03/04/17 12:46:50,詹姆斯
03/04/17 12:49:01,詹姆斯
03/04/17 12:51:14,三星
03/04/17 12:51:14,三星
03/04/17 12:51:43,三星 class: 科技
03/04/17 12:51:44,三星 class: 科技
03/04/17 12:53:03,三星 site: mobile.163.com 
03/04/17 12:53:03,三星 site: mobile.163.com 
03/04/17 12:53:12,三星 site:163.com 
03/04/17 12:53:12,三星 site:163.com 
03/04/17 12:53:21,三星 inurl:163.com 
03/04/17 12:53:21,三星 inurl:163.com 
03/04/17 13:23:06,两会
03/04/17 13:23:06,两会
03/04/17 13:23:35,两会 class: 教育
03/04/17 13:23:35,两会 class: 教育
03/04/17 13:24:03,两会 site: qq.com
03/04/17 13:24:03,两会 site: qq.com
03/04/17 13:24:27,两会 inure: qq.com
03/04/17 13:24:27,两会 inure: qq.com
03/04/17 13:24:56,两会 entitle: 高考
03/04/17 13:24:56,两会 entitle: 高考
03/04/17 14:12:55,贵州
03/04/17 14:12:56,贵州
03/04/17 14:13:09,生化危机
03/04/17 14:13:10,生化危机
03/04/17 14:13:16,华为
03/04/17 14:13:16,华为
03/04/17 14:13:23,锤子科技
03/04/17 14:13:24,锤子科技
03/04/17 14:13:32,交通大学
03/04/17 14:13:32,交通大学
03/04/17 14:14:25,PS
03/04/17 14:14:26,PS
03/04/17 14:14:37,网页
03/04/17 14:14:37,网页
03/04/17 14:54:17,生化危机
03/04/17 14:54:17,生化危机
03/04/17 14:54:23,管理学
03/04/17 14:54:23,管理学
03/04/17 14:54:35,交通大学
03/04/17 14:54:35,交通大学
03/04/17 14:54:54,两会
03/04/17 14:54:54,两会
03/04/17 14:55:23,两会
03/04/17 14:55:23,两会
03/04/17 14:55:25,两会
03/04/17 14:55:25,两会
03/04/17 14:55:30,两会
03/04/17 14:55:30,两会
03/04/17 14:55:48,两会 class: 金融
03/04/17 14:55:48,两会 class: 金融
03/04/17 14:56:11,两会 class: 教育
03/04/17 14:56:11,两会 class: 教育
03/04/17 14:58:11,两会 intitle: 教育
03/04/17 14:58:11,两会 intitle: 教育
03/04/17 14:58:56,两会 filetype: html
03/04/17 14:58:56,两会 filetype: html
03/04/17 14:59:40,"两会教育"
03/04/17 14:59:40,"两会教育"
03/04/17 14:59:49,"两会行情"
03/04/17 14:59:49,"两会行情"
03/04/17 15:00:16,两会 -高考
03/04/17 15:00:16,两会 -高考
03/04/17 15:00:22,两会
03/04/17 15:00:22,两会
03/04/17 15:00:28,两会 -高考
03/04/17 15:00:28,两会 -高考
03/04/17 15:01:07,两会 class: 金融
03/04/17 15:01:07,两会 class: 金融
03/04/17 16:16:53,两会
03/04/17 16:16:54,两会
03/04/17 16:17:06,两会
03/04/17 16:17:06,两会
03/04/17 16:17:27,两会
03/04/17 16:17:27,两会
03/04/17 17:04:00,两会 -高考
03/04/17 17:04:00,两会 -高考
03/04/17 17:04:10,电影
03/04/17 17:04:10,电影
03/04/17 17:04:38,美丽
03/04/17 17:04:38,美丽
03/04/17 17:38:40,两会 -高考
03/04/17 17:38:41,两会 -高考
03/04/17 17:38:48,nba
03/04/17 17:38:48,nba
03/04/17 17:38:58,日本
03/04/17 17:38:58,日本
03/04/17 17:39:58,贵州
03/04/17 17:39:58,贵州
03/04/17 17:40:07,iPhone
03/04/17 17:40:07,iPhone
03/04/17 17:40:22,iPhone
03/04/17 17:40:23,iPhone
03/05/17 00:26:06,两会
03/05/17 00:26:07,两会
03/05/17 00:26:09,两会行情
03/05/17 00:26:10,两会行情
03/05/17 00:26:20,”两会行情“
03/05/17 00:26:20,”两会行情“
03/05/17 00:26:26,”两会行情“ 黄金
03/05/17 00:26:26,”两会行情“ 黄金
03/05/17 00:26:36,”两会行情“ 股市
03/05/17 00:26:36,”两会行情“ 股市
